id,realDonaldTrump,HillaryClinton
0,0.933685,0.0663149
1,0.451165,0.548835
2,0.0745366,0.925463
3,0.504061,0.495939
4,0.975996,0.0240043
5,0.477983,0.522017
6,0.000577675,0.999422
7,0.00012882,0.999871
8,0.000130768,0.999869
9,0.0679908,0.932009
10,0.0363762,0.963624
11,0.000324088,0.999676
12,0.000684267,0.999316
13,0.153093,0.846907
14,0.257353,0.742647
15,0.964835,0.0351649
16,0.00140759,0.998592
17,0.98442,0.0155799
18,0.290343,0.709657
19,0.999894,0.000106435
20,0.999943,5.74793e-05
21,0.00210597,0.997894
22,0.102374,0.897626
23,0.995889,0.00411131
24,7.52898e-05,0.999925
25,0.0490213,0.950979
26,0.186387,0.813613
27,0.117649,0.882351
28,0.000419208,0.999581
29,0.738211,0.261789
30,0.0603075,0.939692
31,0.989871,0.0101291
32,0.27363,0.72637
33,0.917553,0.0824466
34,0.146259,0.853741
35,0.0202494,0.979751
36,0.0751571,0.924843
37,0.397259,0.602741
38,0.999768,0.000232373
39,0.0784572,0.921543
40,0.0626727,0.937327
41,0.000583627,0.999416
42,0.00126094,0.998739
43,0.107796,0.892204
44,0.0867954,0.913205
45,0.0710673,0.928933
46,0.0537751,0.946225
47,0.000589605,0.99941
48,0.102353,0.897647
49,0.000405031,0.999595
50,0.879085,0.120915
51,0.411645,0.588355
52,0.0432786,0.956721
53,0.0480322,0.951968
54,0.0675696,0.93243
55,0.996347,0.00365259
56,0.00220375,0.997796
57,0.0956571,0.904343
58,0.0497004,0.9503
59,0.990335,0.00966524
60,0.0318912,0.968109
61,0.0884101,0.91159
62,0.999981,1.94588e-05
63,0.00126396,0.998736
64,0.170245,0.829755
65,0.145455,0.854545
66,0.0221328,0.977867
67,0.461515,0.538486
68,0.149777,0.850223
69,0.00060181,0.999398
70,0.995643,0.00435725
71,0.999821,0.000179487
72,0.0150824,0.984918
73,0.135666,0.864334
74,0.108051,0.891949
75,0.00832297,0.991677
76,0.35615,0.64385
77,0.078985,0.921015
78,0.253414,0.746586
79,0.0726669,0.927333
80,0.395892,0.604108
81,0.0345888,0.965411
82,0.0652236,0.934776
83,0.98316,0.0168398
84,0.782002,0.217998
85,0.0715844,0.928416
86,0.988768,0.0112317
87,0.397236,0.602764
88,0.250573,0.749427
89,0.456808,0.543192
90,0.119356,0.880644
91,0.000190441,0.99981
92,0.00155917,0.998441
93,0.999932,6.81434e-05
94,0.999921,7.89449e-05
95,0.0578799,0.94212
96,0.000766531,0.999233
97,0.0230735,0.976927
98,0.790887,0.209113
99,0.00103612,0.998964
100,0.694485,0.305515
101,0.0647578,0.935242
102,0.857221,0.142779
103,0.0749253,0.925075
104,0.953479,0.0465209
105,0.754744,0.245256
106,0.194211,0.805789
107,0.0250567,0.974943
108,0.535362,0.464638
109,0.105131,0.894869
110,0.219242,0.780758
111,0.0257389,0.974261
112,0.00028013,0.99972
113,0.383478,0.616522
114,0.917356,0.0826437
115,0.125801,0.874199
116,0.716077,0.283923
117,0.982392,0.0176077
118,0.0686073,0.931393
119,0.0988807,0.901119
120,0.0314777,0.968522
121,0.00090183,0.999098
122,0.111732,0.888268
123,0.000162168,0.999838
124,0.859448,0.140552
125,0.282917,0.717083
126,0.33619,0.66381
127,0.000329756,0.99967
128,0.00558072,0.994419
129,0.072066,0.927934
130,0.000196024,0.999804
131,1.01604e-05,0.99999
132,0.772208,0.227792
133,0.72774,0.27226
134,0.0777173,0.922283
135,0.147251,0.852749
136,0.993474,0.00652581
137,0.106349,0.893651
138,0.000173762,0.999826
139,0.140745,0.859255
140,0.218249,0.781751
141,0.439874,0.560126
142,0.238467,0.761533
143,0.996405,0.00359484
144,0.0853368,0.914663
145,0.976475,0.0235253
146,0.674853,0.325147
147,0.0902586,0.909741
148,0.578207,0.421793
149,0.0263352,0.973665
150,0.597657,0.402343
151,0.583605,0.416395
152,0.66127,0.33873
153,0.999822,0.000178337
154,0.0633798,0.93662
155,0.00159908,0.998401
156,0.156159,0.843841
157,0.737093,0.262907
158,0.0060288,0.993971
159,0.000521642,0.999478
160,0.00014994,0.99985
161,0.00017514,0.999825
162,0.507857,0.492143
163,0.053765,0.946235
164,0.810771,0.189229
165,0.0545953,0.945405
166,0.0280313,0.971969
167,0.99997,3.02721e-05
168,0.983639,0.0163609
169,0.00930144,0.990699
170,0.898742,0.101258
171,0.0112627,0.988737
172,0.0590508,0.940949
173,0.134536,0.865464
174,0.914455,0.0855449
175,0.00163692,0.998363
176,0.0748783,0.925122
177,0.0580901,0.94191
178,0.983891,0.016109
179,0.159847,0.840153
180,0.0206535,0.979347
181,0.999794,0.000206445
182,0.419488,0.580512
183,0.492258,0.507742
184,0.245521,0.754479
185,0.996935,0.00306484
186,0.0119264,0.988074
187,0.204116,0.795884
188,0.0300839,0.969916
189,0.137892,0.862108
190,0.0901076,0.909892
191,0.469087,0.530913
192,0.0563879,0.943612
193,0.0977955,0.902205
194,0.125106,0.874893
195,1.55466e-06,0.999998
196,0.131246,0.868754
197,0.0457238,0.954276
198,0.255975,0.744025
199,0.970596,0.0294038
200,0.95424,0.0457603
201,0.993862,0.00613788
202,0.999379,0.000620915
203,0.983779,0.0162212
204,0.978501,0.0214991
205,0.0026755,0.997324
206,0.36219,0.63781
207,0.0309722,0.969028
208,0.0646402,0.93536
209,0.331557,0.668443
210,0.0365674,0.963433
211,0.124049,0.875951
212,0.000214482,0.999785
213,0.00759313,0.992407
214,0.0823131,0.917687
215,0.797667,0.202333
216,0.00177372,0.998226
217,0.0291464,0.970854
218,0.0368285,0.963171
219,0.0892318,0.910768
220,0.0735924,0.926408
221,0.00271962,0.99728
222,0.0629253,0.937075
223,0.101431,0.898569
224,0.996319,0.00368076
225,0.999999,5.54413e-07
226,0.639851,0.360149
227,0.0431071,0.956893
228,0.953623,0.0463768
229,0.110761,0.889239
230,0.404746,0.595254
231,0.996426,0.00357416
232,0.0931031,0.906897
233,0.0163869,0.983613
234,0.956798,0.0432021
235,0.338908,0.661092
236,0.805142,0.194857
237,0.457758,0.542242
238,0.15662,0.84338
239,0.132395,0.867605
240,0.999158,0.000841996
241,0.00682683,0.993173
242,0.0552439,0.944756
243,0.43366,0.56634
244,0.000252919,0.999747
245,0.360399,0.639601
246,0.0817614,0.918239
247,0.963044,0.0369561
248,0.635085,0.364915
249,0.823755,0.176245
250,0.536528,0.463472
251,0.992313,0.00768678
252,0.229316,0.770684
253,0.0493278,0.950672
254,0.00100697,0.998993
255,0.0786447,0.921355
256,0.774174,0.225826
257,0.0671733,0.932827
258,0.242981,0.757019
259,0.00507973,0.99492
260,0.100017,0.899983
261,0.0273075,0.972692
262,0.0587513,0.941249
263,0.101935,0.898065
264,0.999518,0.000482442
265,0.0273068,0.972693
266,0.0882455,0.911755
267,0.0211133,0.978887
268,0.00223454,0.997765
269,0.973812,0.0261879
270,0.00743552,0.992564
271,0.105794,0.894206
272,0.999385,0.000614912
273,0.999233,0.000767096
274,0.200523,0.799477
275,0.0918666,0.908133
276,0.0367363,0.963264
277,0.993825,0.00617514
278,0.962522,0.0374784
279,0.0161879,0.983812
280,0.041134,0.958866
281,0.102557,0.897443
282,0.957165,0.0428349
283,0.999798,0.000201854
284,0.234736,0.765264
285,0.963635,0.0363652
286,0.101113,0.898887
287,0.107241,0.892759
288,0.100455,0.899545
289,0.0292244,0.970776
290,0.357478,0.642522
291,0.134943,0.865058
292,0.955292,0.0447085
293,0.264851,0.735149
294,0.995123,0.004877
295,0.113033,0.886967
296,0.385898,0.614102
297,0.0373021,0.962698
298,0.295446,0.704554
299,0.168674,0.831326
300,0.146344,0.853656
301,1.58926e-06,0.999998
302,0.134383,0.865617
303,0.981554,0.0184459
304,0.995908,0.00409237
305,0.982995,0.0170053
306,0.996847,0.00315298
307,0.000335416,0.999665
308,0.35331,0.64669
309,0.0147474,0.985253
310,0.000113083,0.999887
311,1.0,3.79203e-07
312,1.0,3.04875e-07
313,0.973704,0.026296
314,0.00204433,0.997956
315,0.0915412,0.908459
316,0.224133,0.775867
317,0.0870325,0.912967
318,1.0,1.48325e-07
319,0.999994,6.34532e-06
320,0.980516,0.019484
321,0.106185,0.893815
322,0.803308,0.196692
323,0.479525,0.520476
324,0.285518,0.714482
325,0.0689081,0.931092
326,0.970069,0.0299306
327,0.827134,0.172866
328,0.0409146,0.959085
329,0.265323,0.734677
330,0.999614,0.000385728
331,0.100568,0.899432
332,0.0489546,0.951045
333,0.131754,0.868246
334,0.103341,0.896659
335,0.0318111,0.968189
336,0.241387,0.758613
337,0.306008,0.693992
338,0.993534,0.00646579
339,0.999758,0.0002417
340,0.0920491,0.907951
341,0.258898,0.741102
342,0.0350506,0.964949
343,0.0944537,0.905546
344,0.00537671,0.994623
345,0.249707,0.750293
346,0.0381874,0.961813
347,0.154443,0.845557
348,0.105664,0.894337
349,0.999977,2.24937e-05
350,0.044579,0.955421
351,0.000189106,0.999811
352,0.000217039,0.999783
353,0.00088529,0.999115
354,0.000124908,0.999875
355,0.00243913,0.997561
356,0.00032209,0.999678
357,0.748639,0.251361
358,0.00388039,0.99612
359,0.225068,0.774932
360,0.234064,0.765936
361,0.0242171,0.975783
362,0.0480043,0.951996
363,0.000266623,0.999733
364,0.11024,0.88976
365,0.0705769,0.929423
366,0.484668,0.515332
367,0.00104819,0.998952
368,0.97401,0.0259896
369,0.035903,0.964097
370,0.994157,0.00584279
371,0.936655,0.0633448
372,0.967627,0.0323734
373,0.983254,0.0167455
374,0.997863,0.0021374
375,0.659179,0.340821
376,0.161929,0.838071
377,0.999479,0.000520553
378,0.0871628,0.912837
379,0.106082,0.893918
380,0.993483,0.00651675
381,0.999987,1.28241e-05
382,0.971597,0.0284035
383,0.630019,0.369981
384,0.027794,0.972206
385,0.993722,0.00627822
386,0.722003,0.277997
387,0.00206901,0.997931
388,0.0590929,0.940907
389,0.0527194,0.947281
390,0.212595,0.787405
391,0.666436,0.333564
392,0.0639302,0.93607
393,0.352167,0.647833
394,0.298668,0.701332
395,0.999569,0.000430591
396,0.0531307,0.946869
397,0.00302356,0.996976
398,0.719755,0.280245
399,0.0332815,0.966718
400,0.02822,0.97178
401,0.0213982,0.978602
402,0.000157484,0.999843
403,0.998047,0.00195253
404,0.849196,0.150804
405,0.979525,0.0204746
406,0.997745,0.00225484
407,0.0559577,0.944042
408,0.999816,0.00018357
409,0.82687,0.17313
410,0.088768,0.911232
411,0.995602,0.00439831
412,0.998703,0.00129698
413,0.532745,0.467255
414,0.0617751,0.938225
415,0.972797,0.027203
416,0.96866,0.0313398
417,0.72448,0.27552
418,0.907654,0.092346
419,0.374957,0.625043
420,0.88876,0.11124
421,0.0398097,0.96019
422,0.969469,0.0305307
423,0.132836,0.867164
424,0.0332256,0.966774
425,0.981175,0.0188247
426,0.108277,0.891723
427,0.0351208,0.964879
428,0.108676,0.891324
429,0.0629995,0.937001
430,0.953462,0.0465384
431,0.267803,0.732197
432,0.0965501,0.90345
433,0.93781,0.0621896
434,0.0403216,0.959678
435,0.0697248,0.930275
436,0.998752,0.0012483
437,0.118505,0.881495
438,0.127836,0.872163
439,0.326312,0.673688
440,0.0406358,0.959364
441,0.0623432,0.937657
442,1.51955e-06,0.999998
443,0.149719,0.850281
444,0.105426,0.894574
445,0.487781,0.512219
446,0.861311,0.138689
447,0.9993,0.000700053
448,0.0327252,0.967275
449,0.000509192,0.999491
450,0.28428,0.71572
451,0.140857,0.859143
452,0.366304,0.633696
453,0.0544026,0.945597
454,0.99179,0.00820967
455,0.99694,0.00306053
456,0.978557,0.0214432
457,0.000228804,0.999771
458,0.997659,0.00234118
459,0.645149,0.354851
460,0.0644501,0.93555
461,0.0629117,0.937088
462,0.463065,0.536935
463,0.989484,0.0105156
464,0.243815,0.756185
465,0.962369,0.037631
466,0.758137,0.241863
467,0.615405,0.384595
468,0.402002,0.597998
469,0.982995,0.0170055
470,0.106085,0.893915
471,0.78977,0.21023
472,0.0967972,0.903203
473,0.347712,0.652288
474,0.383389,0.616611
475,0.952227,0.0477729
476,0.883744,0.116256
477,0.969736,0.0302643
478,0.425538,0.574462
479,0.00131457,0.998685
480,0.150484,0.849516
481,0.0953578,0.904642
482,0.99173,0.0082699
483,0.0596388,0.940361
484,0.275505,0.724495
485,0.994632,0.00536812
486,0.999426,0.000573697
487,0.0882859,0.911714
488,0.211895,0.788105
489,0.592724,0.407276
490,0.821426,0.178574
491,0.000401152,0.999599
492,0.00115916,0.998841
493,0.968644,0.0313559
494,0.0791365,0.920864
495,0.594306,0.405694
496,0.124472,0.875528
497,0.836029,0.163971
498,0.98725,0.0127496
499,0.909284,0.0907162
500,0.980447,0.0195527
501,0.0383972,0.961603
502,0.38618,0.61382
503,0.264648,0.735352
504,0.106994,0.893006
505,0.999751,0.000248576
506,0.276828,0.723172
507,0.52555,0.47445
508,0.00045566,0.999544
509,0.0887832,0.911217
510,0.176186,0.823815
511,0.0342708,0.965729
512,0.960211,0.0397889
513,0.995093,0.00490684
514,0.975104,0.0248957
515,0.0738326,0.926167
516,0.0123037,0.987696
517,0.126257,0.873743
518,0.000163077,0.999837
519,0.000129562,0.99987
520,0.00138963,0.99861
521,0.00536833,0.994632
522,0.000119432,0.999881
523,0.086645,0.913355
524,0.000301347,0.999699
525,0.00323006,0.99677
526,0.000677687,0.999322
527,0.000140587,0.999859
528,0.00130347,0.998697
529,0.00115605,0.998844
530,0.000313181,0.999687
531,0.000164583,0.999835
532,0.0200842,0.979916
533,0.00113201,0.998868
534,0.000341957,0.999658
535,0.00144555,0.998554
536,0.109802,0.890198
537,0.000704977,0.999295
538,0.00690837,0.993092
539,0.136332,0.863668
540,0.66741,0.33259
541,0.70985,0.29015
542,0.999999,8.04789e-07
543,0.000266219,0.999734
544,0.999999,5.83561e-07
545,0.00336374,0.996636
546,0.000245915,0.999754
547,0.0120111,0.987989
548,0.000359403,0.999641
549,0.000163412,0.999837
550,0.0428331,0.957167
551,0.000250524,0.999749
552,0.99083,0.00917021
553,0.155181,0.844819
554,0.0406504,0.95935
555,0.000155085,0.999845
556,0.0289984,0.971002
557,0.00018784,0.999812
558,0.106684,0.893316
559,0.000125363,0.999875
560,0.000275905,0.999724
561,0.000643396,0.999357
562,0.00171589,0.998284
563,0.00028388,0.999716
564,0.000123217,0.999877
565,0.206459,0.793541
566,0.000150483,0.999849
567,0.000171564,0.999828
568,0.0970014,0.902999
569,0.000646652,0.999353
570,0.000166807,0.999833
571,0.119209,0.880791
572,0.0417871,0.958213
573,0.129291,0.870709
574,0.00186301,0.998137
575,0.452115,0.547885
576,0.265185,0.734815
577,0.00029016,0.99971
578,0.000123652,0.999876
579,0.962741,0.0372593
580,0.00413517,0.995865
581,0.859597,0.140403
582,0.00495111,0.995049
583,0.188834,0.811166
584,0.266159,0.733841
585,0.931716,0.0682836
586,0.976015,0.0239848
587,0.000320825,0.999679
588,0.998362,0.0016378
589,0.00186281,0.998137
590,0.0097541,0.990246
591,0.231551,0.768449
592,0.778787,0.221213
593,0.217091,0.782909
594,0.000374432,0.999626
595,0.538021,0.461979
596,0.306906,0.693094
597,0.0539117,0.946088
598,0.992313,0.00768734
599,0.95702,0.0429797
600,0.999712,0.000287816
601,0.107061,0.892939
602,0.958987,0.0410126
603,0.989674,0.0103258
604,0.000887648,0.999112
605,0.00148622,0.998514
606,0.000271034,0.999729
607,0.984097,0.0159028
608,0.618344,0.381656
609,0.000178172,0.999822
610,0.000193929,0.999806
611,0.000248567,0.999751
612,0.000375416,0.999625
613,0.00310834,0.996892
614,0.00669017,0.99331
615,0.98151,0.0184899
616,0.362391,0.637609
617,0.00021292,0.999787
618,0.225937,0.774063
619,0.000145432,0.999855
620,0.0409717,0.959028
621,0.00597034,0.99403
622,6.84637e-05,0.999932
623,0.000248489,0.999752
624,0.0486096,0.95139
625,0.990056,0.00994448
626,0.956115,0.043885
627,0.0922926,0.907707
628,0.000306632,0.999693
629,0.294262,0.705738
630,0.000160894,0.999839
631,0.000801948,0.999198
632,0.350348,0.649652
633,0.970236,0.0297637
634,0.997307,0.00269313
635,0.88551,0.11449
636,0.997186,0.00281393
637,0.0860624,0.913938
638,0.975336,0.0246636
639,0.091812,0.908188
640,0.991645,0.00835513
641,0.000193223,0.999807
642,0.00415572,0.995844
643,0.00424637,0.995754
644,0.000467131,0.999533
645,0.995247,0.00475328
646,0.979571,0.0204289
647,0.996314,0.00368555
648,0.995725,0.00427467
649,0.000218915,0.999781
650,0.137429,0.862571
651,0.0619307,0.938069
652,0.00423593,0.995764
653,0.0131828,0.986817
654,0.000297713,0.999702
655,0.000446649,0.999553
656,1.99647e-06,0.999998
657,0.932506,0.0674941
658,0.924159,0.0758411
659,0.0166605,0.98334
660,0.488142,0.511858
661,0.0142646,0.985735
662,0.168664,0.831336
663,0.994601,0.00539942
664,0.901143,0.0988573
665,0.0897817,0.910218
666,0.327304,0.672696
667,0.160653,0.839347
668,3.3304e-07,1.0
669,0.205458,0.794542
670,0.0617936,0.938206
671,0.000565536,0.999434
672,0.000115361,0.999885
673,0.000356002,0.999644
674,0.235542,0.764458
675,0.112589,0.887411
676,0.991927,0.00807308
677,0.386411,0.613589
678,0.170482,0.829518
679,0.284989,0.715011
680,0.042211,0.957789
681,0.397925,0.602075
682,0.979441,0.0205592
683,0.286833,0.713167
684,0.998415,0.00158493
685,0.000125776,0.999874
686,0.673454,0.326546
687,0.00013308,0.999867
688,0.0111923,0.988808
689,0.32231,0.67769
690,0.104217,0.895783
691,0.0422545,0.957746
692,0.0102899,0.98971
693,0.977689,0.0223107
694,2.02291e-06,0.999998
695,0.160111,0.839889
696,0.169913,0.830087
697,0.111443,0.888557
698,0.316747,0.683253
699,1.14403e-07,1.0
700,0.742222,0.257778
701,0.0285576,0.971443
702,0.948644,0.0513563
703,0.203116,0.796884
704,0.0561375,0.943863
705,0.0822576,0.917742
706,0.871598,0.128402
707,0.220936,0.779064
708,0.281932,0.718068
709,0.946632,0.0533678
710,0.0623362,0.937664
711,0.0678918,0.932108
712,0.33971,0.660291
713,0.487206,0.512794
714,0.057584,0.942416
715,0.0881895,0.911811
716,0.685224,0.314776
717,0.519987,0.480013
718,0.749568,0.250432
719,0.000536144,0.999464
720,0.873266,0.126734
721,0.00248837,0.997512
722,0.978679,0.0213209
723,0.796348,0.203652
724,0.999974,2.63254e-05
725,0.726571,0.273429
726,0.975881,0.0241192
727,0.984707,0.0152933
728,6.53021e-07,0.999999
729,0.0448856,0.955114
730,0.711298,0.288702
731,0.00315272,0.996847
732,0.996737,0.00326258
733,0.883556,0.116444
734,0.467972,0.532028
735,0.0439646,0.956035
736,0.919295,0.0807054
737,0.998759,0.00124131
738,0.761089,0.238911
739,0.97103,0.0289701
740,0.3153,0.6847
741,0.096427,0.903573
742,0.958219,0.0417813
743,0.0852491,0.914751
744,0.0358172,0.964183
745,0.02437,0.97563
746,0.974175,0.0258253
747,0.349635,0.650365
748,0.000382172,0.999618
749,0.932102,0.067898
750,0.00121426,0.998786
751,0.691404,0.308596
752,0.000258838,0.999741
753,0.999269,0.000730591
754,0.976741,0.0232588
755,0.99976,0.000240096
756,0.999165,0.000835297
757,0.390512,0.609488
758,0.969702,0.0302982
759,0.000290057,0.99971
760,0.0915881,0.908412
761,0.425376,0.574624
762,0.00301249,0.996988
763,0.000246749,0.999753
764,0.790269,0.209731
765,0.000270463,0.99973
766,0.000146118,0.999854
767,0.61769,0.38231
768,0.173054,0.826946
769,0.592011,0.407989
770,0.0612177,0.938782
771,0.999627,0.00037263
772,0.000110692,0.999889
773,2.10485e-08,1.0
774,0.9606,0.0393998
775,0.000181773,0.999818
776,0.00361041,0.99639
777,0.120323,0.879677
778,0.000145892,0.999854
779,0.332581,0.667419
780,0.00443342,0.995567
781,0.876782,0.123218
782,0.197009,0.802991
783,0.018929,0.981071
784,0.747807,0.252193
785,0.0563656,0.943634
786,0.758137,0.241863
787,0.998803,0.00119705
788,0.0479163,0.952084
789,0.986592,0.0134083
790,0.109253,0.890747
791,0.0457752,0.954225
792,0.0521679,0.947832
793,0.646853,0.353147
794,0.191732,0.808268
795,0.954681,0.0453192
796,0.0476699,0.95233
797,0.964757,0.035243
798,0.995684,0.00431558
799,0.996117,0.00388268
800,0.947838,0.0521615
801,0.992466,0.00753423
802,0.691867,0.308133
803,0.000714514,0.999286
804,0.0499816,0.950018
805,0.000166373,0.999834
806,0.000128147,0.999872
807,0.000166134,0.999834
808,0.0989637,0.901036
809,0.000146672,0.999853
810,0.961694,0.0383055
811,0.935875,0.0641249
812,0.114113,0.885887
813,0.875278,0.124722
814,0.230788,0.769212
815,0.950982,0.049018
816,0.0951465,0.904853
817,0.119661,0.880339
818,0.995166,0.00483418
819,0.956798,0.0432021
820,0.387005,0.612996
821,0.261518,0.738482
822,0.447391,0.552609
823,0.99593,0.00406975
824,0.228185,0.771815
825,0.0787203,0.92128
826,0.999563,0.00043745
827,0.474838,0.525162
828,0.580308,0.419692
829,0.0348291,0.965171
830,0.0375656,0.962434
831,0.0906501,0.90935
832,0.553811,0.446189
833,0.0787144,0.921286
834,0.0625266,0.937473
835,0.941143,0.0588574
836,0.125781,0.874219
837,0.0193714,0.980629
838,0.027718,0.972282
839,0.915849,0.0841506
840,0.992156,0.00784375
841,0.996642,0.00335845
842,0.713268,0.286732
843,0.348391,0.651609
844,0.946361,0.0536394
845,0.999997,2.76952e-06
846,0.111733,0.888267
847,0.26793,0.73207
848,0.000277732,0.999722
849,0.0599881,0.940012
850,0.00010968,0.99989
851,0.285224,0.714776
852,0.00153628,0.998464
853,0.781775,0.218225
854,0.00074216,0.999258
855,0.294366,0.705634
856,0.0912121,0.908788
857,0.136664,0.863336
858,0.0115269,0.988473
859,0.171146,0.828854
860,0.126001,0.873999
861,0.932152,0.0678483
862,0.829708,0.170292
863,0.574861,0.425139
864,0.084384,0.915616
865,0.137331,0.862669
866,0.165427,0.834573
867,0.527148,0.472852
868,0.158802,0.841198
869,0.210358,0.789642
870,0.302763,0.697237
871,0.999997,2.88207e-06
872,0.968541,0.0314594
873,0.0553121,0.944688
874,0.00202831,0.997972
875,0.335264,0.664736
876,0.119623,0.880377
877,0.0301127,0.969887
878,0.0859607,0.914039
879,0.447343,0.552657
880,0.204734,0.795266
881,0.462034,0.537966
882,0.0433713,0.956629
883,0.433247,0.566753
884,0.735696,0.264304
885,0.651851,0.348149
886,0.258087,0.741913
887,0.350751,0.649249
888,0.000282576,0.999717
889,0.976032,0.0239675
890,0.133823,0.866177
891,0.999961,3.9292e-05
892,0.999997,3.46027e-06
893,0.0836803,0.91632
894,0.236824,0.763176
895,0.159246,0.840754
896,0.000151983,0.999848
897,0.218082,0.781918
898,0.205194,0.794806
899,0.440827,0.559173
900,0.00204438,0.997956
901,0.992177,0.00782298
902,0.0236257,0.976374
903,0.963807,0.036193
904,0.161375,0.838625
905,0.482161,0.517839
906,0.358799,0.641201
907,0.0464641,0.953536
908,0.556154,0.443846
909,0.20787,0.79213
910,0.997271,0.00272878
911,0.999687,0.000313107
912,0.046591,0.953409
913,0.778733,0.221267
914,0.990963,0.00903721
915,0.114314,0.885686
916,0.122498,0.877502
917,0.0794816,0.920518
918,0.783162,0.216838
919,0.999486,0.000513699
920,0.221668,0.778332
921,0.999886,0.000114427
922,0.0585906,0.941409
923,0.160643,0.839357
924,0.984635,0.0153646
925,0.69428,0.30572
926,0.694955,0.305045
927,0.000127001,0.999873
928,0.136157,0.863843
929,1.14196e-05,0.999989
930,0.00113501,0.998865
931,0.0317684,0.968232
932,0.201024,0.798976
933,0.404208,0.595792
934,0.523939,0.476061
935,0.0208929,0.979107
936,0.786022,0.213978
937,0.961976,0.0380237
938,0.0601624,0.939838
939,0.00170287,0.998297
940,0.202558,0.797442
941,0.953071,0.046929
942,0.990707,0.00929313
943,5.10584e-05,0.999949
944,0.204267,0.795733
945,0.992976,0.00702419
946,0.0343707,0.965629
947,0.205814,0.794186
948,0.134608,0.865392
949,0.987224,0.0127758
950,0.999612,0.000388002
951,0.00180299,0.998197
952,0.998995,0.00100544
953,0.0811073,0.918893
954,0.385288,0.614712
955,0.999761,0.000239489
956,0.029569,0.970431
957,0.0672012,0.932799
958,0.265555,0.734445
959,5.10099e-06,0.999995
960,0.000381648,0.999618
961,0.371684,0.628316
962,0.56092,0.43908
963,0.000145006,0.999855
964,0.00115456,0.998845
965,0.560735,0.439265
966,0.000159599,0.99984
967,0.148684,0.851316
968,0.0257724,0.974228
969,0.985687,0.014313
970,0.0984272,0.901573
971,0.0942204,0.90578
972,0.514415,0.485585
973,0.999997,2.52028e-06
974,0.992865,0.00713477
975,0.999994,5.8127e-06
976,0.061242,0.938758
977,0.000362717,0.999637
978,0.278611,0.721389
979,0.000154698,0.999845
980,0.0556514,0.944349
981,0.0692289,0.930771
982,0.193674,0.806326
983,0.0349977,0.965002
984,0.961111,0.0388894
985,0.000135061,0.999865
986,6.90812e-07,0.999999
987,0.578909,0.421091
988,0.0408562,0.959144
989,0.0378785,0.962121
990,0.962037,0.0379626
991,0.081962,0.918038
992,0.839059,0.160941
993,0.938178,0.0618216
994,0.976248,0.0237516
995,0.997294,0.002706
996,0.994002,0.00599838
997,0.906605,0.0933955
998,0.140489,0.859511
999,0.000447179,0.999553
1000,0.840677,0.159323
1001,0.98118,0.0188198
1002,0.999999,7.59596e-07
1003,0.994588,0.00541243
1004,0.548835,0.451165
1005,0.102472,0.897528
1006,0.472373,0.527627
1007,0.00315355,0.996846
1008,0.994736,0.00526424
1009,0.00846435,0.991536
1010,0.999999,5.68165e-07
1011,0.858456,0.141544
1012,0.0064127,0.993587
1013,0.999993,7.06518e-06
1014,0.999999,6.43298e-07
1015,0.0166822,0.983318
1016,0.484851,0.515149
1017,0.0353645,0.964635
1018,0.987176,0.0128237
1019,0.074014,0.925986
1020,0.184403,0.815597
1021,0.994354,0.00564567
1022,0.0938792,0.906121
1023,0.507326,0.492674
1024,0.0716127,0.928387
1025,0.0992017,0.900798
1026,0.12655,0.87345
1027,0.985848,0.0141523
1028,0.15857,0.84143
1029,0.000922546,0.999077
1030,0.440771,0.559229
1031,0.0931,0.9069
1032,0.175778,0.824222
1033,0.0609322,0.939068
1034,0.986514,0.0134858
1035,0.94234,0.0576597
1036,0.910836,0.0891635
1037,0.0782831,0.921717
1038,0.999838,0.000161839
1039,1.0,5.05859e-07
1040,1.06735e-06,0.999999
1041,0.851202,0.148798
1042,0.973616,0.0263844
1043,0.992718,0.00728226
1044,0.000989794,0.99901
1045,0.979084,0.0209161
1046,0.000145841,0.999854
1047,0.042789,0.957211
1048,0.0306242,0.969376
1049,0.000889445,0.999111
1050,0.990667,0.00933275
1051,0.41557,0.58443
1052,0.947126,0.0528744
1053,0.00104681,0.998953
1054,0.929876,0.0701239
1055,0.0899466,0.910053
1056,0.402048,0.597952
1057,0.0336171,0.966383
1058,1.07406e-06,0.999999
1059,0.999978,2.23014e-05
1060,0.999825,0.00017506
1061,0.632192,0.367808
1062,0.611938,0.388062
1063,0.0521135,0.947887
1064,0.0384591,0.961541
1065,0.959061,0.0409395
1066,0.180257,0.819743
1067,0.186043,0.813957
1068,0.873222,0.126778
1069,0.0864762,0.913524
1070,0.0321092,0.967891
1071,0.921927,0.078073
1072,0.343154,0.656846
1073,0.0101859,0.989814
1074,0.295202,0.704798
1075,0.000116573,0.999883
1076,0.175255,0.824745
1077,0.257162,0.742838
1078,0.0220276,0.977972
1079,0.998291,0.00170906
1080,0.972282,0.0277182
1081,0.999218,0.000781999
1082,0.0229794,0.977021
1083,0.994868,0.0051323
1084,0.999992,8.40111e-06
1085,0.0353415,0.964659
1086,4.21043e-06,0.999996
1087,0.847535,0.152465
1088,0.62548,0.37452
1089,0.391056,0.608944
1090,0.999999,1.02783e-06
1091,0.196068,0.803932
1092,0.990656,0.00934361
1093,0.425267,0.574733
1094,0.942128,0.0578719
1095,0.160181,0.839819
1096,0.841107,0.158893
1097,0.438373,0.561627
1098,0.846366,0.153634
1099,0.120994,0.879006
1100,0.985819,0.0141806
1101,0.960564,0.0394358
1102,0.129353,0.870647
1103,0.40454,0.59546
1104,0.056136,0.943864
1105,0.000190929,0.999809
1106,0.000186969,0.999813
1107,0.918578,0.0814219
1108,0.235331,0.764669
1109,0.0495884,0.950412
1110,0.99371,0.00628975
1111,0.684962,0.315038
1112,0.993583,0.00641676
1113,0.379117,0.620883
1114,0.999974,2.59198e-05
1115,0.999999,1.04923e-06
1116,1.0,4.58119e-07
1117,0.999999,1.09085e-06
1118,0.999991,9.09873e-06
1119,0.999999,1.26892e-06
1120,0.999996,4.34001e-06
1121,0.999999,7.31192e-07
1122,0.999989,1.14567e-05
1123,0.999994,6.20322e-06
1124,0.999999,8.44177e-07
1125,0.973195,0.0268047
1126,0.962464,0.037536
1127,0.994325,0.00567516
1128,0.237486,0.762514
1129,0.323825,0.676175
1130,0.016894,0.983106
1131,0.973225,0.0267753
1132,0.988319,0.0116815
1133,0.533136,0.466864
1134,1.0,3.25836e-07
1135,0.976956,0.0230441
1136,0.369685,0.630315
1137,0.0746874,0.925313
1138,0.0542518,0.945748
1139,0.975426,0.0245737
1140,0.0187144,0.981286
1141,0.015338,0.984662
1142,0.129669,0.870331
1143,0.120149,0.879851
1144,0.872526,0.127474
1145,1.0,1.99427e-07
1146,0.0294567,0.970543
1147,0.069151,0.930849
1148,0.0300321,0.969968
1149,0.104333,0.895667
1150,0.126825,0.873175
1151,0.55123,0.44877
1152,0.0377116,0.962288
1153,0.0561852,0.943815
1154,0.664807,0.335193
1155,0.992189,0.00781098
1156,0.720116,0.279884
1157,0.0296422,0.970358
1158,0.999923,7.69887e-05
1159,0.000210069,0.99979
1160,0.993467,0.00653284
1161,0.0487081,0.951292
1162,0.127347,0.872653
1163,0.36609,0.63391
1164,0.998074,0.00192563
1165,0.228463,0.771537
1166,0.992054,0.00794644
1167,0.139606,0.860394
1168,0.37094,0.62906
1169,0.000739265,0.999261
1170,0.986344,0.0136557
1171,0.999993,6.7369e-06
1172,0.996751,0.00324925
1173,1.0,4.6735e-07
1174,0.996566,0.00343439
1175,0.619408,0.380592
1176,0.738218,0.261782
1177,0.0889878,0.911012
1178,0.0163576,0.983642
1179,0.118935,0.881065
1180,0.269456,0.730544
1181,0.202486,0.797514
1182,0.990404,0.0095963
1183,0.995206,0.00479394
1184,2.49603e-07,1.0
1185,0.992396,0.00760412
1186,0.995961,0.0040388
1187,0.989919,0.0100812
1188,0.97125,0.0287498
1189,0.0911263,0.908874
1190,0.0853675,0.914632
1191,0.998596,0.00140429
1192,0.32145,0.67855
1193,0.720551,0.279449
1194,0.191424,0.808576
1195,0.0997379,0.900262
1196,0.841931,0.158069
1197,0.000126818,0.999873
1198,0.447635,0.552365
1199,0.257249,0.742751
1200,0.00136829,0.998632
1201,0.998417,0.00158249
1202,0.00020597,0.999794
1203,0.0146368,0.985363
1204,0.570419,0.429581
1205,0.998194,0.00180607
1206,0.999714,0.000286115
1207,0.999797,0.000203197
1208,0.999723,0.000277446
1209,0.327351,0.672649
1210,0.986296,0.0137044
1211,0.99877,0.00123041
1212,0.000230808,0.999769
1213,0.112627,0.887373
1214,0.132911,0.867089
1215,0.000169976,0.99983
1216,0.97939,0.0206101
1217,0.965743,0.0342568
1218,0.999454,0.000546132
1219,0.999686,0.000313735
1220,0.995116,0.00488443
1221,0.00355229,0.996448
1222,0.034073,0.965927
1223,0.129804,0.870196
1224,0.0699898,0.93001
1225,0.993193,0.00680733
1226,0.173645,0.826355
1227,0.244582,0.755418
1228,0.089952,0.910048
1229,0.758137,0.241863
1230,0.998939,0.00106156
1231,0.309926,0.690074
1232,0.0371863,0.962814
1233,0.102362,0.897638
1234,0.927645,0.0723546
1235,0.00115627,0.998844
1236,0.457637,0.542363
1237,0.999952,4.75405e-05
1238,0.0724684,0.927532
1239,0.000183664,0.999816
1240,0.131148,0.868852
1241,0.368224,0.631776
1242,0.0159906,0.984009
1243,0.00146482,0.998535
1244,0.0539393,0.946061
1245,0.00315244,0.996848
1246,0.0135334,0.986467
1247,0.0421005,0.957899
1248,0.15553,0.84447
1249,0.104131,0.895869
1250,0.985565,0.0144353
1251,0.999951,4.87998e-05
1252,0.999718,0.000281458
1253,0.414251,0.585749
1254,0.241875,0.758125
1255,0.994948,0.00505175
1256,0.99362,0.00638012
1257,0.999794,0.000205761
1258,0.987122,0.0128785
1259,0.16237,0.83763
1260,0.999692,0.000307568
1261,0.00429302,0.995707
1262,0.347011,0.652989
1263,0.990963,0.0090372
1264,0.0549153,0.945085
1265,0.999999,5.61758e-07
1266,0.949694,0.0503059
1267,0.995247,0.00475344
1268,0.991495,0.00850532
1269,5.07142e-06,0.999995
1270,0.999935,6.4617e-05
1271,3.9977e-07,1.0
1272,4.22774e-07,1.0
1273,0.030335,0.969665
1274,0.0866948,0.913305
1275,0.047571,0.952429
1276,0.191316,0.808684
1277,0.0002241,0.999776
1278,0.37097,0.62903
1279,0.0308005,0.9692
1280,0.000145312,0.999855
1281,0.00017201,0.999828
1282,0.99788,0.00212015
1283,0.490455,0.509545
1284,0.0329454,0.967055
1285,0.353667,0.646333
1286,0.132072,0.867928
1287,0.000305796,0.999694
1288,0.991225,0.00877463
1289,0.999999,8.66257e-07
1290,0.135814,0.864186
1291,0.398794,0.601206
1292,0.0929121,0.907088
1293,0.132466,0.867534
1294,0.144229,0.855771
1295,0.508245,0.491755
1296,0.72826,0.27174
1297,0.999831,0.000168802
1298,0.999995,5.04258e-06
1299,1.0,3.29534e-07
1300,5.84099e-08,1.0
1301,0.998163,0.00183687
1302,0.956015,0.0439851
1303,0.764258,0.235742
1304,0.999793,0.000207094
1305,0.115054,0.884946
1306,0.919224,0.0807758
1307,0.993534,0.00646579
1308,0.484143,0.515857
1309,0.197641,0.802359
1310,0.589158,0.410842
1311,0.976121,0.0238788
1312,0.999228,0.000772421
1313,0.000356025,0.999644
1314,0.240975,0.759025
1315,0.999999,1.02456e-06
1316,0.909229,0.090771
1317,0.998291,0.00170906
1318,0.998855,0.00114495
1319,0.986789,0.013211
1320,0.160505,0.839495
1321,0.998493,0.00150731
1322,0.508415,0.491585
1323,0.983862,0.0161379
1324,0.997462,0.00253763
1325,1.0,3.8876e-07
1326,0.912203,0.0877966
1327,0.998163,0.00183687
1328,0.999984,1.58035e-05
1329,0.196343,0.803657
1330,0.999991,8.73403e-06
1331,0.991563,0.00843685
1332,0.999999,5.60084e-07
1333,0.999999,1.47883e-06
1334,1.0,3.43401e-07
1335,0.999981,1.90957e-05
1336,0.999999,1.25819e-06
1337,0.992189,0.00781098
1338,0.996912,0.00308809
1339,0.911994,0.0880062
1340,0.999008,0.000992501
1341,0.999817,0.000182857
1342,1.0,1.96649e-07
1343,0.792446,0.207554
1344,0.999193,0.000806888
1345,0.989005,0.0109948
1346,0.99942,0.000580409
1347,0.999931,6.86299e-05
1348,0.985906,0.0140944
1349,0.999816,0.000183617
1350,0.367214,0.632786
1351,0.976062,0.0239375
1352,0.943203,0.0567974
1353,0.372153,0.627847
1354,0.999364,0.000635907
1355,0.998453,0.00154702
1356,0.98632,0.0136801
1357,0.988012,0.0119884
1358,0.523466,0.476534
1359,0.260609,0.739391
1360,0.980799,0.0192012
1361,0.995144,0.00485641
1362,0.999837,0.000163092
1363,0.999996,4.08745e-06
1364,0.999999,7.30973e-07
1365,0.905384,0.0946157
1366,1.0,7.85847e-08
1367,0.996168,0.00383206
1368,0.803152,0.196848
1369,0.995426,0.00457376
1370,0.860299,0.139701
1371,0.913137,0.0868632
1372,0.985854,0.0141459
1373,0.999998,2.04052e-06
1374,1.0,2.53487e-07
1375,0.999409,0.000591255
1376,0.937615,0.0623847
1377,0.990798,0.00920183
1378,0.999613,0.000386778
1379,0.996756,0.00324387
1380,0.994986,0.00501393
1381,0.999995,5.28084e-06
1382,0.999991,8.93315e-06
1383,0.999098,0.000901715
1384,0.791964,0.208036
1385,0.958754,0.041246
1386,0.999985,1.4638e-05
1387,0.99999,9.66616e-06
1388,0.999998,2.2625e-06
1389,0.999689,0.000311334
1390,0.944017,0.0559835
1391,0.96616,0.0338402
1392,0.996014,0.00398591
1393,0.896415,0.103585
1394,0.990686,0.00931394
1395,0.857623,0.142377
1396,0.173096,0.826904
1397,0.991364,0.00863605
1398,0.995304,0.00469634
1399,0.985253,0.0147466
1400,0.997611,0.0023892
1401,0.99402,0.00598013
1402,0.962125,0.037875
1403,0.982041,0.0179592
1404,0.380507,0.619493
1405,0.995227,0.00477283
1406,0.999999,5.98701e-07
1407,1.0,4.13658e-07
1408,0.966276,0.0337243
1409,0.994859,0.00514079
1410,0.995477,0.004523
1411,0.980433,0.0195668
1412,0.999323,0.000677375
1413,0.995166,0.00483383
1414,1.0,2.50206e-07
1415,0.993475,0.00652458
1416,0.759365,0.240635
1417,0.99473,0.00527006
1418,0.778376,0.221624
1419,0.960092,0.0399082
1420,0.804789,0.195211
1421,0.917208,0.0827917
1422,0.936489,0.0635106
1423,0.999679,0.000321122
1424,0.891068,0.108932
1425,0.762006,0.237994
1426,0.996559,0.00344051
1427,0.988012,0.0119884
1428,0.998007,0.00199322
1429,0.988037,0.0119631
1430,0.859961,0.140039
1431,0.211005,0.788995
1432,0.284367,0.715633
1433,0.999611,0.000388774
1434,0.540312,0.459688
1435,0.999993,6.5285e-06
1436,0.987048,0.0129517
1437,0.99655,0.00344982
1438,0.99654,0.00346036
1439,0.976219,0.0237811
1440,0.995559,0.00444082
1441,0.998174,0.00182598
1442,0.995468,0.0045324
1443,0.994491,0.00550916
1444,0.987597,0.0124025
1445,0.992189,0.00781098
1446,0.514837,0.485163
1447,0.835811,0.164189
1448,0.996486,0.00351369
1449,0.86533,0.13467
1450,0.960655,0.0393446
1451,0.999417,0.000583065
1452,0.999066,0.000933742
1453,0.970941,0.0290591
1454,0.980808,0.0191917
1455,0.958202,0.0417978
1456,0.580997,0.419003
1457,0.997318,0.00268189
1458,0.983623,0.0163772
1459,0.999996,3.99716e-06
1460,0.998328,0.00167234
1461,0.998642,0.00135806
1462,0.540521,0.459479
1463,0.820417,0.179583
1464,0.997305,0.00269467
1465,0.999443,0.00055723
1466,0.999829,0.000170945
1467,0.999454,0.000546123
1468,0.415099,0.584901
1469,0.336838,0.663162
1470,0.990224,0.0097756
1471,0.992189,0.00781098
1472,0.986372,0.0136283
1473,0.999998,2.3501e-06
1474,0.999955,4.52437e-05
1475,0.848878,0.151122
1476,0.995603,0.00439726
1477,0.994029,0.00597077
1478,0.999325,0.000674793
1479,0.999613,0.000387386
1480,0.999997,3.38875e-06
1481,0.999991,8.92935e-06
1482,0.0676583,0.932342
1483,0.990335,0.00966548
1484,0.999999,5.41791e-07
1485,0.999998,1.56076e-06
1486,0.999992,8.39134e-06
1487,0.983659,0.0163414
1488,0.999981,1.88103e-05
1489,0.827183,0.172817
1490,0.999505,0.000494746
1491,0.976522,0.0234784
1492,0.990905,0.00909487
1493,0.999991,9.13826e-06
1494,0.999999,5.41778e-07
1495,0.936395,0.0636049
1496,0.986444,0.0135561
1497,1.0,4.73502e-07
1498,0.985728,0.0142722
1499,0.980763,0.0192365
1500,0.98178,0.01822
1501,0.999381,0.000618766
1502,0.975583,0.0244167
1503,0.997838,0.00216165
1504,0.996299,0.00370068
1505,1.0,1.53199e-07
1506,0.999845,0.000154854
1507,0.996631,0.00336896
1508,0.961128,0.0388722
1509,0.998778,0.00122224
1510,0.789471,0.210529
1511,0.902105,0.097895
1512,0.999788,0.000211945
1513,0.829296,0.170704
1514,0.999994,6.0752e-06
1515,0.996145,0.00385465
1516,0.974508,0.0254917
1517,1.0,2.11544e-07
1518,1.0,2.64998e-07
1519,0.996473,0.00352661
1520,0.725052,0.274949
1521,0.992189,0.00781098
1522,0.602834,0.397166
1523,0.990228,0.0097724
1524,0.635536,0.364464
1525,0.996349,0.00365141
1526,0.999628,0.000372122
1527,0.000732117,0.999268
1528,0.419586,0.580414
1529,0.154417,0.845583
1530,0.999744,0.000256207
1531,0.999706,0.00029417
1532,1.0,3.7618e-07
1533,0.999568,0.000431797
1534,0.936489,0.0635106
1535,0.950918,0.0490817
1536,0.0191094,0.980891
1537,0.996752,0.00324786
1538,0.955562,0.0444376
1539,0.59306,0.40694
1540,0.993809,0.00619144
1541,0.999994,6.47969e-06
1542,0.994536,0.00546361
1543,0.99767,0.00233011
1544,0.999877,0.000122571
1545,1.0,3.38868e-07
1546,0.999894,0.000105849
1547,0.996661,0.00333895
1548,0.932349,0.067651
1549,0.946611,0.0533893
1550,0.912958,0.0870416
1551,0.996822,0.00317809
1552,0.49198,0.50802
1553,0.986464,0.0135361
1554,0.99775,0.00225048
1555,0.859474,0.140526
1556,0.963283,0.0367171
1557,0.995756,0.00424437
1558,0.998006,0.00199421
1559,0.526701,0.473299
1560,0.936898,0.0631018
1561,0.999757,0.000243504
1562,0.999409,0.000591255
1563,0.993681,0.00631871
1564,0.762094,0.237906
1565,0.99626,0.00374003
1566,0.999985,1.54156e-05
1567,0.999978,2.18882e-05
1568,0.99055,0.00944975
1569,0.999979,2.05407e-05
1570,0.999991,8.55474e-06
1571,0.999999,6.36668e-07
1572,1.0,1.4452e-07
1573,0.245843,0.754157
1574,0.0900651,0.909935
1575,0.987193,0.0128073
1576,0.979894,0.0201061
1577,0.991556,0.00844428
1578,0.990773,0.00922744
1579,0.0831414,0.916859
1580,0.971557,0.028443
1581,0.996321,0.00367854
1582,0.623631,0.376369
1583,0.442933,0.557067
1584,0.0383107,0.961689
1585,0.774024,0.225976
1586,0.999801,0.000198871
1587,0.22266,0.77734
1588,0.715667,0.284333
1589,0.99435,0.00564986
1590,0.984113,0.0158873
1591,0.999766,0.000234363
1592,0.999858,0.000142458
1593,1.0,2.03709e-07
1594,0.920505,0.0794953
1595,0.636911,0.363089
1596,0.936516,0.0634839
1597,0.461826,0.538174
1598,0.000239602,0.99976
1599,0.98793,0.0120699
1600,0.994635,0.00536523
1601,0.979285,0.0207153
1602,0.701251,0.298749
1603,0.778039,0.221961
1604,0.999989,1.10219e-05
1605,0.999981,1.87382e-05
1606,1.0,4.77517e-07
1607,1.0,4.53359e-07
1608,0.999877,0.000123339
1609,0.31446,0.68554
1610,0.964975,0.0350252
1611,0.999132,0.000868536
1612,0.540405,0.459595
1613,0.996801,0.00319849
1614,0.92824,0.0717597
1615,0.956076,0.0439241
1616,0.999997,3.00484e-06
1617,1.0,7.96005e-08
1618,0.995875,0.00412494
1619,0.999999,5.87119e-07
1620,0.396885,0.603115
1621,0.730308,0.269692
1622,0.98118,0.0188198
1623,0.999998,1.92795e-06
1624,0.999993,7.2696e-06
1625,0.377249,0.622751
1626,1.0,3.12101e-07
1627,0.999997,2.96063e-06
1628,0.999092,0.000908496
1629,1.0,2.85487e-07
1630,0.999997,3.46288e-06
1631,0.989609,0.010391
1632,0.971166,0.0288337
1633,0.567348,0.432652
1634,0.995915,0.00408537
1635,0.982931,0.0170688
1636,0.996567,0.00343339
1637,1.0,4.32129e-07
1638,0.988483,0.0115174
1639,0.993211,0.00678866
1640,0.974071,0.0259293
1641,0.999998,1.85025e-06
1642,0.999999,8.58774e-07
1643,0.220781,0.779219
1644,0.842132,0.157868
1645,0.86604,0.13396
1646,0.988012,0.0119884
1647,1.0,3.05017e-07
1648,0.999767,0.000233153
1649,0.177717,0.822283
1650,0.992502,0.00749807
1651,0.999997,2.52839e-06
1652,0.98914,0.0108596
1653,0.999483,0.000516684
1654,0.983364,0.0166361
1655,0.0622029,0.937797
1656,0.11479,0.88521
1657,0.874024,0.125976
1658,0.982259,0.0177411
1659,0.079196,0.920804
1660,0.992007,0.00799282
1661,0.990409,0.00959107
1662,1.0,2.86606e-07
1663,0.507908,0.492092
1664,0.877502,0.122498
1665,0.425331,0.574669
1666,0.703442,0.296558
1667,0.987839,0.0121607
1668,0.98805,0.0119498
1669,0.981687,0.0183133
1670,0.137521,0.862479
1671,0.993411,0.00658905
1672,0.989522,0.0104779
1673,0.999996,3.76559e-06
1674,0.996585,0.00341524
1675,1.0,1.12394e-07
1676,0.0428714,0.957129
1677,0.990762,0.00923835
1678,0.365329,0.634671
1679,0.287918,0.712082
1680,0.994527,0.00547296
1681,0.97321,0.0267895
1682,0.998839,0.00116132
1683,0.998937,0.00106343
1684,0.991221,0.00877873
1685,0.778954,0.221046
1686,0.339202,0.660798
1687,0.389986,0.610014
1688,0.919548,0.080452
1689,0.951219,0.0487805
1690,0.999237,0.000762949
1691,0.98399,0.0160103
1692,0.999596,0.00040423
1693,0.956745,0.0432552
1694,0.997446,0.00255365
1695,0.157098,0.842902
1696,0.995675,0.00432475
1697,0.964526,0.0354741
1698,0.991121,0.00887917
1699,1.0,4.59071e-07
1700,1.0,3.47483e-07
